DayOfMonth,Person,ContentName,ContentUrl,SecondaryUrl,SecondaryLabel
1,Matt Goldman,TBC,,,
2,Available,,,,
3,Available,,,,
4,Available,,,,
5,Available,,,,
6,Available,,,,
7,Available,,,,
8,Available,,,,
9,Available,,,,
10,Available,,,,
11,Available,,,,
12,Available,,,,
13,Available,,,,
14,Available,,,,
15,Mark Allibone,TBC,,,
16,Vladislav Antonyuk,,,,
17,Available,,,,
18,Available,,,,
19,Available,,,,
20,Héctor Uriel Pérez Rojas,,,,
21,Shaun Lawrence,TBC,,,
22,Available,,,,
23,David Nsai,TBC,,,
24,Available,,,,
25,Available,,,,
26,Available,,,,
27,Available,,,,
28,Available,,,,
29,Available,,,,
30,Available,,,,
31,Available,,,,
